State,Caste,subcastes,source,Unnamed: 4
ANDAMAN AND NICOBAR ISLANDS,SHOM PENS,['SHOM PENS'],GOV,
ANDHRA PRADESH,ADI ANDHRA,"['ADIANDRA', 'ADI ANDHRA']",GOV,
ANDHRA PRADESH,ADI DRAVIDA,['ADI DRAVIDA'],GOV,
ANDHRA PRADESH,ARAY MALA,"['ARWA MALA', 'ARAY MALA']",GOV,
ANDHRA PRADESH,BEDA JANGAM,['BEDA JANGAM'],GOV,
ANDHRA PRADESH,KINTHALA KALINGA,"['KINTHALA KALINGA', 'BURAGAM KALINGA', 'KALINGA', 'BURAGANA KALINGA', 'PANDIRI KALINGA']",GOV,
ANDHRA PRADESH,KONDA DHORAS,"['KONDA DHORAS', 'KONDARA']",GOV,
ANDHRA PRADESH,KONDA KAPUS,['KONDA KAPUS'],GOV,
ANDHRA PRADESH,KONDA REDDIS,['KONDA REDDIS'],GOV,
ANDHRA PRADESH,MADASI KURUVA,"['MADARI KURUVA', 'MADASI KURUVA']",GOV,
ANDHRA PRADESH,MANNA DHORA,['MANNA DHORA'],GOV,
ANDHRA PRADESH,MITHA AYYALVAR,['MITHA AYYALVAR'],GOV,
ANDHRA PRADESH,MONDEPATTA MONDIPATTA,['MONDEPATTA MONDIPATTA'],GOV,
ANDHRA PRADESH,MONDIVARU MONDIBANDA BANDA,['MONDIVARU MONDIBANDA BANDA'],GOV,
ANDHRA PRADESH,MUKHA DHORA,"['MUKHA DHORA', 'NOOKA DHORA']",GOV,
ANDHRA PRADESH,PARIKI MUGGULA,['PARIKI MUGGULA'],GOV,
ANDHRA PRADESH,SURYA BALIJA,['SURYA BALIJA'],GOV,
ASSAM,ARYA MALA,['ARYA MALA'],GOV,
ASSAM,BRITTIAL BANIA,"['BANIA', 'BRITTIAL BANIA']",GOV,
ASSAM,CHICK BANIK,['CHICK BANIK'],GOV,
ASSAM,MAHISYA DAS,"['MAHISYA', 'MAHISYA DAS']",GOV,
ASSAM,SUDRA DAS,"['SUDRA DAS', 'DEY']",GOV,
ASSAM,TEA GARDEN LABOURERS,['TEA GARDEN LABOURERS'],GOV,
BIHAR,CHICK BARAIK,"['CHICK BARAIK', 'CHIK']",GOV,
BIHAR,MAL PAHARIYA,['MAL PAHARIYA'],GOV,
BIHAR,SAURIA PAHARIA,['SAURIA PAHARIA'],GOV,
CHANDIGARH,AD DHARMI,['AD DHARMI'],GOV,
CHHATTISGARH,BHARIA BHUMIA,"['PALIHA', 'BHUMIYA', 'BHUINHAR BHUMIA', 'BHARIA', 'BHARIA BHUMIA', 'PANDO']",GOV,
CHHATTISGARH,BHAT CHARAN SAWLI,"['BHAT CHARAN SAWLI', 'SUTIYA RAV JASONDHI MARU-SONIA']",GOV,
CHHATTISGARH,BHIL MINA,['BHIL MINA'],GOV,
CHHATTISGARH,BHURTIYA BHUTIYA,['BHURTIYA BHUTIYA'],GOV,
CHHATTISGARH,CHUNKAR CHUNGAR,"['CHUNKAR CHUNGAR', 'CHOONGAR KULBANDHIYA RAJGIR']",GOV,
CHHATTISGARH,DARJI CHEEPI,"['CHHIPI', 'CHIPI SHIPI MAVI', 'DARJI CHEEPI']",GOV,
CHHATTISGARH,DESHWALI MEWATI,['DESHWALI MEWATI'],GOV,
CHHATTISGARH,DHOLI DAFAALI,"['GURAW', 'DHOLI DAFAALI', 'DUFALI GURAV']",GOV,
CHHATTISGARH,GARPAGARI JOGINATH,"['NATHJOGI', 'GARPAGARI JOGINATH']",GOV,
CHHATTISGARH,KACHHI KOYARI,"['PANARA', 'PANAHARA', 'KOIRI', 'KACHHI KOYARI', 'SHAKYA', 'MURAI', 'SONKAR']",GOV,
CHHATTISGARH,KIRAR KIRAD DHAKAR,"['KIRAR KIRAD DHAKAR', 'DHAKAD']",GOV,
CHHATTISGARH,KUMHAR KUMBHAR,['KUMHAR KUMBHAR'],GOV,
CHHATTISGARH,LODHI LODHA LODH,['LODHI LODHA LODH'],GOV,
CHHATTISGARH,VASUDEV BASUDEVA,"['VASUDEV BASUDEVA', 'BASUDEV VASUDEVA HARVOLA KAPDIA KAPDI GONDHLI']",GOV,
DAMAN AND DIU,CHRISTIAN CHAMAR,['CHRISTIAN CHAMAR'],GOV,
DAMAN AND DIU,CHRISTIAN MAHAR,['CHRISTIAN MAHAR'],GOV,
DAMAN AND DIU,KOLI KHANIA,['KOLI KHANIA'],GOV,
DELHI,DHOBI QASSAR,['DHOBI QASSAR'],GOV,
DELHI,PATHAR CHERA,"['PATHAR CHERA', 'SANGTARASH']",GOV,
GOA,BANDARI NAIK,"['BANDARI NAIK', 'TINSMITH', 'BLACKSMITH']",GOV,
GOA,CHRISTIAN RENDERS,['CHRISTIAN RENDERS'],GOV,
GUJARAT,AHIR AYAR BERICHA,['AHIR AYAR BERICHA'],GOV,
GUJARAT,ANVIL BRAHMIN,['ANVIL BRAHMIN'],MF,
GUJARAT,ATIT BAYAJI,"['ATIT BAYAJI', 'BAKSHI PANCH']",MF,
GUJARAT,BAROT VAHIVANCHA CHARAN,"['GADHVI', 'GADHAVI', 'BAROT VAHIVANCHA CHARAN']",GOV,
GUJARAT,BHARWAD MOTABHAI BHARWAD NANABHAI BHARWAD GADARIA,"['DHANGAR', 'BHARWAD MOTABHAI BHARWAD NANABHAI BHARWAD GADARIA']",GOV,
GUJARAT,CHENNA DASAR,"['CHENNA DASAR', 'HOLAYA DASAR']",GOV,
GUJARAT,DASNAMI VAWA,"['GIRA', 'DASNAMI VAWA']",MF,
GUJARAT,GOLA RANA,['GOLA RANA'],GOV,
GUJARAT,HINDU HALPATI,['HINDU HALPATI'],MF,
GUJARAT,HINDU KUMBHAR,"['HINDU KUMBHAR', 'MARU']",MF,
GUJARAT,KAMBADIA BHAGAT,['KAMBADIA BHAGAT'],GOV,
GUJARAT,KHRISTI GUJARATI-CHRISTIAN,['KHRISTI GUJARATI-CHRISTIAN'],GOV,
GUJARAT,MAIYA DARBAR,"['MAIYA DARBAR', 'PHDHERIYA']",MF,
GUJARAT,OCHRA BRAHMIN,['OCHRA BRAHMIN'],MF,
GUJARAT,SWAKUL SALI,"['SALI', 'SWAKUL SALI']",GOV,
GUJARAT,TALPADA KOLI,['TALPADA KOLI'],GOV,
GUJARAT,TURI BAROT,"['DEDH BAROT', 'TURI BAROT']",GOV,
GUJARAT,VA IRANGI BAWA,['VA IRANGI BAWA'],MF,
GUJARAT,VAGHRI- GAMICHO,"['JHAKUDIA', 'VEDU CHURALIA', 'VAGHRI- GAMICHO']",GOV,
GUJARAT,VANZA DARJI,"['SAI SUTAR', 'VANZA DARJI']",GOV,
HARYANA,AD DHARMI,['AD DHARMI'],GOV,
HARYANA,BARAI TAMBOLI,['BARAI TAMBOLI'],GOV,
HARYANA,BETA HENSI,"['HESI', 'BETA HENSI']",GOV,
HARYANA,BHUHALIA LOHAR,['BHUHALIA LOHAR'],GOV,
HARYANA,GARHI- LOHAR,['GARHI- LOHAR'],GOV,
HARYANA,GHASI GHASIARA,"['GHOSI', 'GHASI GHASIARA']",GOV,
HARYANA,JHANGRA BRAHMAN,"['JANGID BRAHMAN', 'BADDI', 'RAMGARHIA', 'BARHAI', 'DHIMAN', 'KHATI', 'TARKHAN', 'JANGRA BRAHMAN', 'SUTHAR', 'JHANGRA BRAHMAN']",GOV,
HARYANA,PINJA PENJA,['PINJA PENJA'],GOV,
HARYANA,PARKAVA KULAM,['WEAVER'],GOV,
HIMACHAL PRADESH,AD DHARMI,['AD DHARMI'],GOV,
HIMACHAL PRADESH,ARD POP,"['POPO BRAHMAN', 'ARD POP']",GOV,
HIMACHAL PRADESH,KESHAP RAJPUT,['KESHAP RAJPUT'],GOV,
JAMMU AND KASHMIR,BAHACH HANJIE & SHIKARA WALLAS,['BAHACH HANJIE & SHIKARA WALLAS'],GOV,
JAMMU AND KASHMIR,KASHMIRI PANDIT,['KASHMIRI PANDIT'],,
JAMMU AND KASHMIR,DAMBALI FAQIR,['DAMBALI FAQIR'],GOV,
JHARKHAND,CHICK BARAIK,['CHICK BARAIK'],GOV,
JHARKHAND,LAXMI NARAYAN GOLA,['LAXMI NARAYAN GOLA'],GOV,
JHARKHAND,MAYRA MODAK,['MAYRA MODAK'],GOV,
JHARKHAND,SAURIA PAHARIA,['SAURIA PAHARIA'],GOV,
KARNATAKA,ADI ANDHRA,['ADI ANDHRA'],GOV,
KARNATAKA,ADI DRAVIDA,"['ARAVDUR', 'ADIDRAVIDA', 'CHALAVADI', 'ADI DRAVIDA', 'UPPARA', 'HARIJAN']",GOV,
KARNATAKA,ADI KARNATAKA,"['MEDAR', 'KORAMA', 'ADI KARNATAKA', 'HOLIYA', 'MUGGUDAVAR', 'HOLAYA', 'MOCHI', 'KORUR', 'CHANAIAHNATHA', 'HOLEYA', 'MADIGA', 'GOWNDAR', 'GANGEMATA', 'HARIJAN', 'HOLER', 'ADIKARNATAKA', 'HALAKI']",GOV,
KARNATAKA,AMMA KODAVA,"['AMMA KODAVA','COORGI']",GOV,
KARNATAKA,ARAY MALA,['ARAY MALA'],GOV,
KARNATAKA,ARWA MALA,['ARWA MALA'],GOV,
KARNATAKA,BATHAL BATTAL BATTER BATTAR,['BATHAL BATTAL BATTER BATTAR'],GOV,
KARNATAKA,BEDA JANGAM,"['BUDGA JANGAM', 'BEDA JANGAM']",GOV,
KARNATAKA,CHALIYAN TERUVAN,"['CHALIYAN TERUVAN', 'CHALLIYA']",GOV,
KARNATAKA,CHARODI MESTHA,['CHARODI MESTHA'],GOV,
KARNATAKA,CHENNA DASAR,"['CHENNA DASAR', 'HOLAYA DASAR']",GOV,
KARNATAKA,DIGWAN JINGAR,['DIGWAN JINGAR'],GOV,
KARNATAKA,GANTI CHORES,['GANTI CHORES'],GOV,
KARNATAKA,GIRINI WADDAR,"['MANNU VODDAR', 'TUDUG WODDAR', 'BHANDI VADDAR', 'KALLU VADDAR', 'GIRINI WADDAR']",GOV,
KARNATAKA,HANDI JOGIS,['HANDI JOGIS'],GOV,
KARNATAKA,HINDU SADARU,['HINDU SADARU'],GOV,
KARNATAKA,HOLEYA DASARI,['HOLEYA DASARI'],GOV,
KARNATAKA,JENU KURUBA,['JENU KURUBA'],GOV,
KARNATAKA,KADU KONKANI,['KADU KONKANI'],GOV,
KARNATAKA,KADU KURUBA,['KADU KURUBA'],GOV,
KARNATAKA,KALAYIRI KOLERI,"['KALAYIRI KOLERI', 'KOLARI']",GOV,
KARNATAKA,KANISAN KANIYAR KANIYARU KANIYA KANIYAN,"['KANYAN', 'BALYAYA', 'KANISAN KANIYAR KANIYARU KANIYA KANIYAN']",GOV,
KARNATAKA,KODAGU KAPALA,['KODAGU KAPALA'],GOV,
KARNATAKA,KOLAYAN URALI,['KOLAYAN URALI'],GOV,
KARNATAKA,KOLI DHOR,"['KOLGHA', 'KOLI DHOR', 'KOLCHA', 'TOKRE KOLI']",GOV,
KARNATAKA,KONDA KAPUS,['KONDA KAPUS'],GOV,
KARNATAKA,KULAVADI MARATI,['KULAVADI MARATI'],GOV,
KARNATAKA,KUMARA PANTH,"['KUMARA PANTH', 'KOMARPANT', 'KOMARPAIK']",GOV,
KARNATAKA,KUMBRI MARATHA,"['KUMBRI MARATHA', 'KUMBRI MARATI']",GOV,
KARNATAKA,LINGYAT BANAGAR,['LINGYAT BANAGAR'],GOV,
KARNATAKA,MAHA MALASAR,['MAHA MALASAR'],GOV,
KARNATAKA,MANG GARUDI,"['MANG GARODI', 'MANG GARUDI']",GOV,
KARNATAKA,MARAYAN MARAVAN,['MARAYAN MARAVAN'],GOV,
KARNATAKA,NATHA PANTHI,"['DAURIGOSAYI', 'NATHA PANTHI']",GOV,
KARNATAKA,PINJARA PINJARI,"['NADAF', 'LADAF', 'PINJARA PINJARI', 'DUDEKULA MANSURI', 'MANSOORI']",GOV,
KARNATAKA,RAYA RAWATH,"['RAYA RAWATH', 'RAVAT']",GOV,
KARNATAKA,SOMAVAMSHA ARYA KSHATRIYA,"['CHITRAGAR', 'CHITTARI ARYAKSHATRIYA', 'SOMAVAMSHA ARYA KSHATRIYA', 'SARIGE', 'CHITARA', 'TAMBAT', 'JEERAGAR', 'NALABUND', 'NAJABUND']",GOV,
KARNATAKA,SUDUGADU SIDDHA,"['SUDIGADUSIDDAU', 'SUDUGADU SIDDHA', 'SUDIGADUSIDDHA']",GOV,
KERALA,ADI ANDHRA,['ADI ANDHRA'],GOV,
KERALA,ADI DRAVIDA,"['PARAYA', 'ADI DRAVIDA']",BOTH,
KERALA,ADI KARNATAKA,['ADI KARNATAKA'],GOV,
KERALA,ANGLO INDIAN,['ANGLO INDIAN'],GOV,
KERALA,KALARI KURUP,"['KALARI PANICKER', 'KALARI KURUP']",GOV,
KERALA,KERALA MUDALI,['KERALA MUDALI'],GOV,
KERALA,KOCHU VELAN,['KOCHU VELAN'],GOV,
KERALA,KONDA KAPUS,['KONDA KAPUS'],GOV,
KERALA,KONGU NAVITHAN,['KONGU NAVITHAN'],GOV,
KERALA,KONGU VELLALA,"['GOUNDER','VELLALA GOUNDER', 'POOSARI GOUNDER', 'NATTU GOUNDER', 'PALA VELLALA GOUNDER', 'KONGU VELLALA', 'PALA GOUNDER']",GOV,
KERALA,LATIN CATHOLIC,['LATIN CATHOLIC'],GOV,
KERALA,MAHA MALASAR,['MAHA MALASAR'],GOV,
KERALA,MALAI ARAYAN,['MALAI ARAYAN'],GOV,
KERALA,MALAI PANDARAM,['MALAI PANDARAM'],GOV,
KERALA,MALAI VEDAN,['MALAI VEDAN'],GOV,
KERALA,MALASAR TRIBE,['MALASAR TRIBE'],GOV,
KERALA,PARA VANNAN,['PARA VANNAN'],MF,
KERALA,PUTHIRAI VANNAN,['PUTHIRAI VANNAN'],GOV,
KERALA,SENAI THALAVAR,['SENAI THALAVAR'],GOV,
KERALA,SYRIAN CHRISTIAN,"['SYRIAN CHRISTIAN', 'JACOBITE', 'SYRIAN']",GOV,
KERALA,THANDAN AND,['THANDAN AND'],GOV,
KERALA,VELUTHEDATHU NAIR,['VELUTHEDATHU NAIR'],GOV,
KERALA,VETTUVA NAVITHAN,['VETTUVA NAVITHAN'],GOV,
KERALA,VILAKKITHALA NAIR,['VILAKKITHALA NAIR'],GOV,
MADHYA PRADESH,BHARIA BHUMIA,"['PALIHA', 'BHUMIYA', 'BHUINHAR BHUMIA', 'BHARIA', 'BHARIA BHUMIA', 'PANDO']",GOV,
MADHYA PRADESH,BHAT CHARAN SALWI,"['SUTIYA RAV JASONDHI MARU-SONIA', 'BHAT CHARAN SALWI']",GOV,
MADHYA PRADESH,BHIL MEENA,['BHIL MEENA'],GOV,
MADHYA PRADESH,LODHI LODHA LODH,['LODHI LODHA LODH'],GOV,
MAHARASHTRA,ARAY MALA,['ARAY MALA'],GOV,
MAHARASHTRA,ARWA MALA,['ARWA MALA'],GOV,
MAHARASHTRA,BEDA JANGAM,"['BUDGA JANGAM', 'BEDA JANGAM']",GOV,
MAHARASHTRA,BHARADI BALASANTOSHI,"['BHARADI BALASANTOSHI', 'NATH JOGI', 'NATH PANDHI', 'DAVARI GOSAVI', 'KINGGRIWALE', 'NATH BAVA']",GOV,
MAHARASHTRA,CHENNA DASAR,"['CHENNA DASAR', 'HOLEYA DASARI', 'HOLAYA DASAR']",GOV,
MAHARASHTRA,CHHARA KANJAR,"['KANJAR BHAT NAT', 'CHHARA KANJAR']",GOV,
MAHARASHTRA,DODE GUJAR,"['DORE GUJAR', 'DODE GUJAR']",GOV,
MAHARASHTRA,FAKIR BHANDARWALA,"['FAKIR', 'FAKIR BHANDARWALA']",GOV,
MAHARASHTRA,GHISADI LOHAR,"['GADI LOHAR', 'CHITODIYA-LOHAR', 'RAJPUT LOHAR', 'GHISADI LOHAR', 'GHITODI LOHAR']",GOV,
MAHARASHTRA,GOLLA GOLLEWAR,"['GOLLA GOLLEWAR', 'GOLKAR', 'GOLER']",GOV,
MAHARASHTRA,GUJRATH BAORI,['GUJRATH BAORI'],GOV,
MAHARASHTRA,KOLHATI DOMBARI,['KOLHATI DOMBARI'],GOV,
MAHARASHTRA,KOSKANTI DEVANGA,['KOSKANTI DEVANGA'],GOV,
MAHARASHTRA,LAD-SHAKHIY WANI,['LAD-SHAKHIY WANI'],GOV,
MAHARASHTRA,MAIRAL DANGAT,"['VIR', 'MAIRAL DANGAT']",GOV,
MAHARASHTRA,MALHAR KOLI,['MALHAR KOLI'],GOV,
MAHARASHTRA,MARWAR BAORI,['MARWAR BAORI'],GOV,
MAHARASHTRA,MITHA AYYALVAR,['MITHA AYYALVAR'],GOV,
MAHARASHTRA,MUSLIM MADARI,"['JADOOGAR', 'MUSLIM MADARI', 'SAAPWALE', 'GAARUDI']",GOV,
MAHARASHTRA,MUSLIM MANYAR,"['MUSLIM MANYAR', 'MANIYAAR', 'MANERI']",GOV,
MAHARASHTRA,MUSLIM RELIGION BHANGI,"['MUSLIM RELIGION BHANGI', 'KHAKROB', 'THE MEMBERS OF WHICH ARE ACTUALLY IN THE SAFAI KARAMCHARI PROFESSION', 'HALALKHOR', 'LALBEG', 'MEHTAR']",GOV,
MAHARASHTRA,NANDIWALE TIRMAL,['NANDIWALE TIRMAL'],GOV,
MAHARASHTRA,NEKAR JADA,['NEKAR JADA'],GOV,
MAHARASHTRA,PAL PARDHI,['PAL PARDHI'],GOV,
MAHARASHTRA,96K KOKANASTHA,['96K KOKANASTHA'],,
MAHARASHTRA,SAPERA NATH,['SAPERA NATH'],GOV,
MAHARASHTRA,SARASWAT BRAHMIN,['SARASWAT BRAHMIN'],GOV,
MAHARASHTRA,SWAKUL SALI,['SWAKUL SALI'],GOV,
MAHARASHTRA,TALWAR KANADE,['TALWAR KANADE'],GOV,
MAHARASHTRA,VAGHARI SALAT,"['SALAT VAGHRI', 'VAGHARI SALAT']",GOV,
MAHARASHTRA,YADAV AHIR,['YADAV AHIR'],GOV,
MANIPUR,ANY MIZO TRIBES,['ANY MIZO TRIBES'],GOV,
MANIPUR,KACHA NAGA,['KACHA NAGA'],GOV,
MEGHALAYA,ANY KUKI TRIBES,['ANY KUKI TRIBES'],GOV,
MEGHALAYA,ANY MIZO TRIBES,['ANY MIZO TRIBES'],GOV,
MEGHALAYA,ANY NAGA TRIBES,['ANY NAGA TRIBES'],GOV,
MEGHALAYA,BORO KACHARIS,['BORO KACHARIS'],GOV,
MEGHALAYA,BRITTIAL BANIA,"['BANIA', 'BRITTIAL BANIA']",GOV,
MEGHALAYA,TRIPURI PEOPLE,['TRIPURI PEOPLE'],GOV,
MIZORAM,BRITTIAL BANIA,"['BANIA', 'BRITTIAL BANIA']",GOV,
ODISHA,ADI ANDHRA,['ADI ANDHRA'],GOV,
ODISHA,BHANJA PURAN,['BHANJA PURAN'],GOV,
ODISHA,BISSOY-BARANGI JODIA,"['PARANGA', 'SODOJODIA', 'TAKOARA', 'BISSOY-BARANGI JODIA', 'FRANGI', 'KOLLAI', 'KONDE', 'PENGAJODIA', 'DADUVA', 'JHORIYA', 'HOLLAR', 'BENNANGI']",GOV,
ODISHA,BONDO PORAJA,['BONDO PORAJA'],GOV,
ODISHA,CHANDHAI MARU,['CHANDHAI MARU'],GOV,
ODISHA,CHATTADA SRIVAISHNAB,['CHATTADA SRIVAISHNAB'],GOV,
ODISHA,DESUA BHUMIJ,['DESUA BHUMIJ'],GOV,
ODISHA,KALANDI BAISHANABA,"['TAMULI', 'BANGIYA TAMBOLI', 'TAMBULA', 'TAMILI', 'KALANDI VAISHNAB', 'BANGIYA TAMILI', 'TAMBILI', 'BANGIYA TAMBULI', 'KALANDI BAISHANABA']",GOV,
ODISHA,KANDHA GAUDA,['KANDHA GAUDA'],GOV,
ODISHA,KOLAH LOHARAS,"['KOL LOHARAS', 'KOLAH LOHARAS']",GOV,
ODISHA,KONDA KAPU,['KONDA KAPU'],GOV,
ODISHA,KOPPULA VELLAMA,"['KOPPALA ELAMA', 'KOPPULA VELLAMA', 'KAPALA ELAMA', 'KOPPALA VELAMA', 'KUPALA VELAMA', 'KAPALA VELAMA', 'KAPPULA ELAMA', 'KAPULU ELAMA', 'KAPALA ELAGA']",GOV,
ODISHA,KOSALYA GOUDUS,"['PULLO SORIYA GOUDUS', 'DUDU KAMARO', 'LADIYA GOUDUS', 'DANGAYATH GOUDUS', 'DODDU KAMARIYA', 'CHITI GOUDUS', 'BOSOTHERIYA GOUDUS', 'KOSALYA GOUDUS']",GOV,
ODISHA,MAL PAHARIA,['MAL PAHARIA'],GOV,
ODISHA,MANNA DHORA,['MANNA DHORA'],GOV,
ODISHA,MUKHADORA- MOKKA DHORA,['MUKHADORA- MOKKA DHORA'],GOV,
ODISHA,SANYASI MEMBRAM,['SANYASI MEMBRAM'],GOV,
ODISHA,SAURIA PAHARIA,['SAURIA PAHARIA'],GOV,
ODISHA,SEERITHI GOUDU,['SEERITHI GOUDU'],GOV,
ODISHA,YERNA GOLTA,['YERNA GOLTA'],GOV,
PUDUCHERRY,ADI ANDHRA,['ADI ANDHRA'],GOV,
PUDUCHERRY,ADI DRAVIDA,['ADI DRAVIDA'],GOV,
PUDUCHERRY,BHAT RAJU,"['BHAT RAJU', 'MUTHU RAJA']",GOV,
PUDUCHERRY,ISAI VELLALAR,['ISAI VELLALAR'],GOV,
PUDUCHERRY,KANNADA DEVANGA,"['TELUGU DEVANGA', 'KANNADA DEVANGA']",GOV,
PUDUCHERRY,LATIN CATHOLICS,['LATIN CATHOLICS'],GOV,
PUDUCHERRY,NAMDEV MARATHA,"['NAMDEV MARATHA', 'MAHRATTA']",GOV,
PUDUCHERRY,PUTHIRAI VANNAN,['PUTHIRAI VANNAN'],GOV,
PUDUCHERRY,SENAI THALAIVAR,['SENAI THALAIVAR'],GOV,
PUDUCHERRY,VALAYAL NAIDU,"['GAVARALU', 'VALAYAL NAIDU', 'CAVARA NAIDU']",GOV,
PUDUCHERRY,VANNIAKULA KSHATRIYA,"['VANNIAKULA KSHATRIYA', 'PALLI', 'NAICKER', 'VANNIAR', 'PADAYATCHI']",GOV,
PUDUCHERRY,VEERAKODI VELLALA,['VEERAKODI VELLALA'],GOV,
PUNJAB,AD DHARMI,"['JASSAL', 'AD-DHARMI', 'BAINS', 'CHAMAR', 'MEHTO', 'LEEL', 'MAHI', 'POWAR', 'AD DHARMI', 'BANGA', 'KAITH', 'SANDHU', 'SIDHU', 'CHOKHRIA', 'THIND', 'RAI', 'ATAR']",GOV,
PUNJAB,BETA HENSI,"['HESI', 'BETA HENSI']",GOV,
PUNJAB,BHAT BHATRA DARPI RAMIYA,['BHAT BHATRA DARPI RAMIYA'],GOV,
PUNJAB,JOGI NATH,['JOGI NATH'],GOV,
PUNJAB,KUCHA BAND,['KUCHA BAND'],GOV,
RAJASTHAN,ADI DHARMI,['ADI DHARMI'],GOV,
RAJASTHAN,BHIL MINA,['BHIL MINA'],GOV,
RAJASTHAN,KAPADIA SANSI,['KAPADIA SANSI'],GOV,
RAJASTHAN,KOLI DHOR,"['KOLGHA', 'KOLI DHOR', 'KOLCHA', 'TOKRE KOLI']",GOV,
RAJASTHAN,KOOCH BAND,"['KUCHBAND', 'KOOCH BAND']",GOV,
RAJASTHAN,KUMHAR KUMAWAT,['KUMHAR KUMAWAT'],GOV,
TAMIL NADU,ANDI PANDARAM,['ANDI PANDARAM'],GOV,
TAMIL NADU,ARCHAKARI VELLALA,['ARCHAKARI VELLALA'],GOV,
TAMIL NADU,BATTU TURKAS,['BATTU TURKAS'],GOV,
TAMIL NADU,C.K. KORAVAR,['C.K. KORAVAR'],GOV,
TAMIL NADU,CHANGAYAMPUDI KORAVAR,['CHANGAYAMPUDI KORAVAR'],GOV,
TAMIL NADU,DEKKANI MUSLIM,['DEKKANI MUSLIM'],GOV,
TAMIL NADU,DEVAGUDI TALAYARI,['DEVAGUDI TALAYARI'],GOV,
TAMIL NADU,DOBBA KORAVAR,['DOBBA KORAVAR'],GOV,
TAMIL NADU,DONGA UR. KORACHA,['DONGA UR. KORACHA'],GOV,
TAMIL NADU,GANDARVAKOTTAI KORAVAR,['GANDARVAKOTTAI KORAVAR'],GOV,
TAMIL NADU,ILLATHU PILLAIMAR,"['EZHUVAR', 'ILLATHAR', 'ILLUVAR', 'ILLATHU PILLAIMAR']",GOV,
TAMIL NADU,KALARI KURUP,"['KALARI KURUP', 'KALARI PANIEKER']",GOV,
TAMIL NADU,KALLAR KULA THONDAMAN,['KALLAR KULA THONDAMAN'],GOV,
TAMIL NADU,KALVELI GOUNDER,['KALVELI GOUNDER'],GOV,
TAMIL NADU,KANNADA SAINEEGAR,"['KANNADA SAINEEGAR', 'KANNADIYAR', 'DASAPALANJIKA']",GOV,
TAMIL NADU,KATESAR PATTAMKATTI,['KATESAR PATTAMKATTI'],GOV,
TAMIL NADU,KONGU CHETTIAR,['KONGU CHETTIAR'],GOV,
TAMIL NADU,KONGU VELLALAR,"['SAIVA PILLAI','ANUPPA VELLALA GOUNDER', 'SANKU VELLALA GOUNDER', 'KONGU VELLALAR', 'VELLALA GOUNDER', 'NATTU GOUNDER', 'POOSARI GOUNDER', 'PAVALANKATTI VELLALA GOUNDER', 'PALA VELLALA GOUNDER', 'THONDU VELLALAR', 'CHENDALAI GOUNDER', 'PADAITHALAI GOUNDER', 'RATHINAGIRI GOUNDER', 'NARAMBUKKATTI GOUNDER', 'PALA GOUNDER', 'TIRUMUDI VELLALAR']",GOV,
TAMIL NADU,KOPPALA VELAMA,['KOPPALA VELAMA'],GOV,
TAMIL NADU,KUGA VELLALAR,['KUGA VELLALAR'],GOV,
TAMIL NADU,KUNNUVAR MANNADI,['KUNNUVAR MANNADI'],GOV,
TAMIL NADU,KURHINI CHETTY,['KURHINI CHETTY'],GOV,
TAMIL NADU,LATIN CATHOLIC,['LATIN CATHOLIC'],GOV,
TAMIL NADU,LATIN CATHOLIC CHRISTIAN VANNAR,['LATIN CATHOLIC CHRISTIAN VANNAR'],GOV,
TAMIL NADU,MOUNDADAN CHETTY,['MOUNDADAN CHETTY'],GOV,
TAMIL NADU,NANGUDI VELLALAR,['NANGUDI VELLALAR'],GOV,
TAMIL NADU,NANJIL MUDALI,['NANJIL MUDALI'],GOV,
TAMIL NADU,PANNIRANDAM CHETTIAR,"['UTHAMA CHETTIAR', 'PANNIRANDAM CHETTIAR']",GOV,
TAMIL NADU,PODIKARA VELLALAR,['PODIKARA VELLALAR'],GOV,
TAMIL NADU,SADHU CHETTY,['SADHU CHETTY'],GOV,
TAMIL NADU,SALIYAR PADMASALIYAR PATHUSALIYAR PATTARIYA,"['ADHAVIYAR', 'SALIYAR PADMASALIYAR PATHUSALIYAR PATTARIYA']",GOV,
TAMIL NADU,SATHATHA SRIVAISHNAVA,['SATHATHA SRIVAISHNAVA'],GOV,
TAMIL NADU,SOZHIA CHETTY,['SOZHIA CHETTY'],GOV,
TAMIL NADU,SOZHIA VELLALAR,"['KODIKALKARAR', 'KEERAIKARAR', 'VETRILAIKARAR', 'SOZHIA VELLALAR",GOV,
TAMIL NADU,THOGATTA VEERAKSHATRIYA,['THOGATTA VEERAKSHATRIYA'],GOV,
TAMIL NADU,THOLUVA NAICKER,"['THOLUVA NAICKER', 'VETALAKARA NAICKER']",GOV,
TAMIL NADU,THOTTIYA NAICKER,"['THOTTIYA NAICKER', 'ERRAGOLLAR']",GOV,
TAMIL NADU,URALI GOUNDER,"['OORUDAYA GOUNDER', 'URALI GOUNDER', 'ORUDYA GOUNDER']",GOV,
TAMIL NADU,VADUKANA IKAR,['VADUKANA IKAR'],MF,
TAMIL NADU,VANNIYAKULA KSHATRIYA,['VANNIYAKULA KSHATRIYA'],GOV,
TAMIL NADU,VELLAN CHETTIAR,"['VELLAN CHETTIAR', 'AGARAM VELLAN CHETTIAR']",GOV,
TAMIL NADU,VELUTHODATHU NAIR,['VELUTHODATHU NAIR'],GOV,
TAMIL NADU,VETUVA GOUNDER,"['VETUVA GOUNDER', 'PUNNAN VETTUVA GOUNDER']",GOV,
TAMIL NADU,VIRAKODI VELLALA,['VIRAKODI VELLALA'],GOV,
TAMIL NADU,WYNAD CHETTY,['WYNAD CHETTY'],GOV,
TELANGANA,KANJARA – BHATTA,['KANJARA – BHATTA'],GOV,
TELANGANA,PARIKI MUGGULA,['PARIKI MUGGULA'],GOV,
TELANGANA,SURYA BALIJA,['SURYA BALIJA'],GOV,
TELANGANA,VALMIKI BOYA,"['TALAYARI', 'VALMIKI BOYA', 'CHUNDUVALLU']",GOV,
TELANGANA,VAMSHA RAJ,"['VAMSHA RAJ', 'PITCHIGUNTLA']",GOV,
TRIPURA,BISHNUPRIYA MANIPURI,['BISHNUPRIYA MANIPURI'],GOV,
UTTAR PRADESH,CHIKWA QASSAB,"['CHIKWA QASSAB', 'QASSAI', 'CHAK', 'KASAI']",GOV,
UTTAR PRADESH,DHIVAR DHIVER,['DHIVAR DHIVER'],GOV,
UTTAR PRADESH,KACHHI KACHHI-KUSHWAHA,"['SHAKYA', 'KACHHI KACHHI-KUSHWAHA']",GOV,
UTTAR PRADESH,KOERI KOIRI,['KOERI KOIRI'],GOV,
UTTAR PRADESH,KUTHALIYA BORA,['KUTHALIYA BORA'],GOV,
UTTAR PRADESH,MUSLIM KAYASTHA,['MUSLIM KAYASTHA'],GOV,
UTTAR PRADESH,RAI SIKH,['RAI SIKH'],GOV,
UTTAR PRADESH,SHEIKH SARVARI,"['PEERAHI', 'SHEIKH SARVARI']",GOV,
UTTAR PRADESH,UNAI SAHU,['UNAI SAHU'],GOV,
UTTARAKHAND,KUTHALIYA BORA,['KUTHALIYA BORA'],GOV,
UTTARAKHAND,MUSLIM KAYASTHA,['MUSLIM KAYASTHA'],GOV,
UTTARAKHAND,SHEIKH SARVARI,"['PEERAHI', 'SHEIKH SARVARI']",GOV,
UTTARAKHAND,UNAI SAHU,['UNAI SAHU'],GOV,
WEST BENGAL,BAISHYA KAPALI,['BAISHYA KAPALI'],GOV,
WEST BENGAL,BANSHI BARMAN,['BANSHI BARMAN'],GOV,
WEST BENGAL,BELDAR MUSLIM,['BELDAR MUSLIM'],GOV,
WEST BENGAL,KHOTTA MUSLIM,['KHOTTA MUSLIM'],GOV,
WEST BENGAL,MAL MUSLIM,['MAL MUSLIM'],GOV,
WEST BENGAL,MUSLIM BARUJIBI,"['BARUI', 'MUSLIM BARUJIBI']",GOV,
WEST BENGAL,MUSLIM BHATIYARA,['MUSLIM BHATIYARA'],GOV,
WEST BENGAL,MUSLIM BISWAS,['MUSLIM BISWAS'],GOV,
WEST BENGAL,MUSLIM CHUTOR MISTRI,['MUSLIM CHUTOR MISTRI'],GOV,
WEST BENGAL,MUSLIM DAFADAR,['MUSLIM DAFADAR'],GOV,
WEST BENGAL,MUSLIM DARJI,"['IDRISHI', 'MUSLIM DARJI', 'OSTAGAR']",GOV,
WEST BENGAL,MUSLIM HALDAR,['MUSLIM HALDAR'],GOV,
WEST BENGAL,MUSLIM JAMADAR,['MUSLIM JAMADAR'],GOV,
WEST BENGAL,MUSLIM KALANDAR,['MUSLIM KALANDAR'],GOV,
WEST BENGAL,MUSLIM LASKAR,['MUSLIM LASKAR'],GOV,
WEST BENGAL,MUSLIM MALI,['MUSLIM MALI'],GOV,
WEST BENGAL,MUSLIM MOLLA,['MUSLIM MOLLA'],GOV,
WEST BENGAL,MUSLIM NEHARIYA,['MUSLIM NEHARIYA'],GOV,
WEST BENGAL,MUSLIM PENCHI,['MUSLIM PENCHI'],GOV,
WEST BENGAL,MUSLIM PIYADA,['MUSLIM PIYADA'],GOV,
WEST BENGAL,MUSLIM RAJMISTRI,['MUSLIM RAJMISTRI'],GOV,
WEST BENGAL,MUSLIM SANPUI,"['SAPUI', 'MUSLIM SANPUI']",GOV,
WEST BENGAL,MUSLIM SARDAR,['MUSLIM SARDAR'],GOV,
WEST BENGAL,PAHADIA MUSLIM,['PAHADIA MUSLIM'],GOV,
